datetime,Resting_beats_per_min
2019-12-25, 60.37471961975098
2019-12-26, 58.86103343963623
2019-12-27, 58.00174903869629
2019-12-28, 57.9563045501709
2019-12-29, 58.329511642456055
2019-12-30, 59.07677173614502
2019-12-31, 60.029128074645996
2020-01-01, 64.12816333770752
2020-01-02, 64.17614841461182
2020-01-03, 65.18675804138184
2020-01-04, 67.53467655181885
2020-01-05, 65.24365329742432
2020-01-06, 62.91499423980713
2020-01-07, 63.92638397216797
2020-01-08, 65.8426742553711
2020-01-09, 65.14916324615479
2020-01-10, 65.64431285858154
2020-01-11, 67.32419872283936
2020-01-12, 65.85323238372803
2020-01-13, 64.66795349121094
2020-01-14, 63.115875244140625
2020-01-15, 62.23717403411865
2020-01-16, 63.85519313812256
2020-01-17, 64.52474784851074
2020-01-18, 65.77804183959961
2020-01-19, 64.2001256942749
2020-01-20, 62.41092109680176
2020-01-21, 63.17537021636963
2020-01-22, 64.95485877990723
2020-01-23, 65.08565711975098
2020-01-24, 66.50057983398438
2020-01-25, 66.42219161987305
2020-01-26, 66.82357692718506
2020-01-27, 67.50121593475342
2020-01-28, 65.6588077545166
2020-01-29, 64.15141868591309
2020-01-30, 63.2834529876709
2020-01-31, 63.408799171447754
2020-02-01, 61.0697717666626
2020-02-02, 62.40205764770508
2020-02-03, 63.615715980529785
2020-02-04, 62.528472900390625
2020-02-05, 62.34894943237305
2020-02-06, 61.35254096984863
2020-02-07, 62.11835861206055
2020-02-08, 62.11280345916748
2020-02-09, 64.54501247406006
2020-02-10, 63.86756706237793
2020-02-11, 63.55196285247803
2020-02-12, 62.47495460510254
2020-02-13, 61.41959857940674
2020-02-14, 62.158249855041504
2020-02-15, 64.54026699066162
2020-02-16, 64.39687824249268
2020-02-17, 62.51630687713623
2020-02-18, 62.78920936584473
2020-02-19, 63.60581970214844
2020-02-20, 63.44833183288574
2020-02-21, 62.342774391174316
2020-02-22, 62.95137119293213
2020-02-23, 63.31120014190674
2020-02-24, 63.48408222198486
2020-02-25, 63.96349239349365
2020-02-26, 63.306246757507324
2020-02-27, 61.888028144836426
2020-02-28, 62.437686920166016
2020-02-29, 61.61780548095703
2020-03-01, 61.84543800354004
2020-03-02, 64.23892974853516
2020-03-03, 63.19683647155762
2020-03-04, 65.60882663726807
2020-03-05, 66.50652503967285
2020-03-06, 67.85393333435059
2020-03-07, 68.34346961975098
2020-03-08, 67.39040946960449
2020-03-09, 65.71077919006348
2020-03-10, 64.62786293029785
2020-03-11, 63.11127471923828
2020-03-12, 65.43542861938477
2020-03-13, 66.28252029418945
2020-03-14, 0.0
2020-03-15, 0.0
2020-03-16, 0.0
2020-03-17, 0.0
2020-03-18, 0.0
2020-03-19, 0.0
2020-03-20, 0.0
2020-03-21, 0.0
2020-03-22, 0.0
2020-03-23, 0.0
2020-03-24, 0.0
2020-03-25, 0.0
2020-03-26, 0.0
2020-03-27, 0.0
2020-03-28, 0.0
2020-03-29, 0.0
2020-03-30, 0.0
2020-03-31, 0.0
